Type,Category,Subtype,Work,Gym,Loungewear,Party,Dinner,Beach,Outdoor,Wedding,Date night,Everyday,Spring,Summer,Autumn ,Winter,minTemp,Maxtemp
Top,Jumpers and cardigans,Hoodie/sweatshirt,No,Yes,Yes,No,No,Yes,Yes,No,No,Yes,Yes,No,Yes,Yes,9,19
Top,Jumpers and cardigans,Warm jumper,Yes,No,Yes,No,No,No,Yes,No,No,Yes,No,No,Yes,Yes,-2,13
Top,Jumpers and cardigans,Warm cardigan,Yes,No,Yes,No,No,No,No,No,No,Yes,No,No,Yes,Yes,-2,13
Top,Jumpers and cardigans,Light jumper ,Yes,No,Yes,No,Yes,Yes,Yes,No,Yes,Yes,Yes,Yes,Yes,Yes,13,21
Top,Jumpers and cardigans,Light cardigan,Yes,No,Yes,No,Yes,Yes,No,No,Yes,Yes,Yes,Yes,Yes,Yes,13,21
Top,Shirts/Blouses,Buttondown shirt,Yes,No,No,Yes,Yes,No,No,Yes,Yes,Yes,Yes,No,Yes,Yes,13,25
Top,Shirts/Blouses,Linen shirt,Yes,No,No,No,No,Yes,No,Yes,No,Yes,Yes,Yes,Yes,No,19,35
Top,Shirts/Blouses,Floaty blouse,Yes,No,No,Yes,Yes,No,No,Yes,Yes,Yes,Yes,Yes,Yes,Yes,18,30
Top,Shirts/Blouses,Fancy blouse,Yes,No,No,Yes,Yes,No,No,Yes,Yes,Yes,Yes,Yes,Yes,Yes,15,25
Top,Tops,Waistcoat,Yes,No,No,No,No,No,No,Yes,No,Yes,Yes,Yes,Yes,Yes,13,23
Top,Tops,Short Turtlneck,Yes,No,Yes,No,Yes,No,No,No,Yes,Yes,Yes,No,Yes,Yes,8,18
Top,Tops,Long turtleneck,Yes,No,Yes,No,Yes,No,Yes,Yes,Yes,Yes,Yes,No,Yes,Yes,0,15
Top,Tops,Bodysuit,No,No,No,Yes,Yes,No,No,No,Yes,Yes,Yes,Yes,No,No,15,30
Top,Tops,Short t-shirt,Yes,Yes,Yes,No,Yes,Yes,Yes,No,Yes,Yes,Yes,Yes,Yes,Yes,16,35
Top,Tops,Long-tshirt,Yes,Yes,Yes,No,Yes,No,Yes,No,Yes,Yes,Yes,No,Yes,Yes,13,23
Top,Tops,Vest,No,Yes,Yes,Yes,Yes,Yes,Yes,No,Yes,Yes,No,Yes,Yes,No,19,35
Top,Tops,Croptop,No,Yes,Yes,Yes,Yes,Yes,Yes,No,Yes,Yes,No,Yes,Yes,No,22,35
Top,Tops,Off-the-shoulder top,No,No,No,Yes,Yes,Yes,No,Yes,Yes,Yes,Yes,Yes,Yes,Yes,20,30
Top,Tops,Tunic,Yes,No,No,Yes,Yes,No,No,Yes,Yes,Yes,Yes,Yes,No,No,18,28
Bottom,Skirts,Mini skirt,No,No,No,Yes,Yes,Yes,No,No,Yes,Yes,Yes,Yes,Yes,Yes,20,35
Bottom,Skirts,Maxi skirt,Yes,No,No,No,Yes,Yes,No,Yes,Yes,Yes,Yes,Yes,Yes,Yes,15,30
Bottom,Skirts,Knee-length skirt,Yes,No,No,Yes,Yes,No,No,Yes,Yes,Yes,Yes,Yes,Yes,Yes,18,30
Bottom,Skirts,Midi-skirt,Yes,No,No,Yes,Yes,No,No,Yes,Yes,Yes,Yes,Yes,Yes,Yes,15,30
Bottom,Skirts,Low waist midi,Yes,No,No,Yes,Yes,No,No,Yes,Yes,Yes,Yes,Yes,Yes,Yes,15,30
Bottom,Jeans,Cropped jeans,No,No,No,Yes,Yes,No,No,No,Yes,Yes,Yes,Yes,Yes,Yes,15,25
Bottom,Jeans,Flared jeans,No,No,No,Yes,Yes,No,No,No,Yes,Yes,Yes,No,Yes,Yes,10,25
Bottom,Jeans,High waisted jeans,No,No,No,Yes,Yes,No,No,No,Yes,Yes,Yes,No,Yes,Yes,10,25
Bottom,Jeans,Low waist jeans,No,No,No,Yes,Yes,No,No,No,Yes,Yes,Yes,No,Yes,Yes,10,25
Bottom,Jeans,Skinny jeans,No,No,No,Yes,Yes,No,No,No,Yes,Yes,Yes,No,Yes,Yes,10,25
Bottom,Jeans,Boyfriend jeans,No,No,No,No,No,No,No,No,No,Yes,Yes,No,Yes,Yes,10,25
Bottom,Trousers,Cropped trousers,Yes,No,No,Yes,Yes,No,No,Yes,Yes,Yes,Yes,Yes,Yes,Yes,15,25
Bottom,Trousers,Leather trousers,No,No,No,Yes,Yes,No,No,Yes,Yes,Yes,No,No,Yes,Yes,2,16
Bottom,Trousers,Wideleg trousers,Yes,No,No,No,Yes,No,No,Yes,Yes,Yes,Yes,Yes,Yes,Yes,15,28
Bottom,Trousers,Tailored trousers,Yes,No,No,Yes,Yes,No,No,Yes,Yes,Yes,Yes,Yes,Yes,Yes,9,23
Bottom,Trousers,Cargo pants ,No,Yes,No,No,No,No,Yes,No,No,Yes,Yes,No,Yes,Yes,9,23
Bottom,Trousers,Linen pants,Yes,No,Yes,No,Yes,Yes,Yes,Yes,Yes,Yes,Yes,Yes,No,No,19,35
Bottom,Trousers,Leggings,No,Yes,Yes,No,No,No,Yes,No,No,Yes,Yes,Yes,Yes,Yes,10,22
Bottom,Trousers,Sweatpants,No,Yes,Yes,No,No,No,Yes,No,No,Yes,Yes,Yes,Yes,Yes,2,19
Bottom,Trousers,Chinos,Yes,No,No,Yes,Yes,No,No,Yes,Yes,Yes,Yes,Yes,Yes,Yes,13,26
Bottom,Shorts,Fancy Shorts,No,Yes,No,Yes,Yes,No,No,No,Yes,No,No,Yes,No,No,20,35
Bottom,Shorts,Casual shorts,No,Yes,Yes,No,No,Yes,Yes,No,No,Yes,No,Yes,No,No,19,35
Bottom,Shorts,Denim shorts,No,No,No,No,No,Yes,Yes,No,No,Yes,No,Yes,No,No,19,35
Bottom,Shorts,Linen shorts,No,No,No,No,No,Yes,Yes,No,No,Yes,No,Yes,No,No,21,35
Bottom,Shorts,Cargo shorts,No,Yes,Yes,No,No,Yes,Yes,No,No,Yes,Yes,Yes,No,No,19,35
Bottom,Shorts,Skater shorts,No,No,Yes,No,No,Yes,Yes,No,No,Yes,No,Yes,No,No,18,35
Onepiece,Jumpsuits and playsuits,Jumpsuit,No,No,No,Yes,Yes,No,No,Yes,Yes,Yes,Yes,Yes,Yes,Yes,15,25
Onepiece,Jumpsuits and playsuits,Playsuit,No,No,Yes,Yes,Yes,Yes,No,No,Yes,Yes,Yes,Yes,No,No,21,35
Onepiece,Jumpsuits and playsuits,Romper,No,No,No,No,No,No,No,No,No,Yes,Yes,Yes,No,No,22,35
Onepiece,Jumpsuits and playsuits,Overalls,No,No,Yes,No,No,Yes,Yes,No,No,Yes,Yes,Yes,Yes,No,12,30
Onepiece,Dresses,Summer dress,No,No,No,No,Yes,Yes,No,No,Yes,Yes,No,Yes,No,No,22,35
Onepiece,Dresses,Wedding guest dress,No,No,No,No,No,No,No,Yes,No,No,Yes,Yes,Yes,Yes,15,30
Onepiece,Dresses,Evening dress,No,No,No,Yes,Yes,No,No,Yes,Yes,No,Yes,Yes,Yes,Yes,15,25
Onepiece,Dresses,Cocktail dress,No,No,No,Yes,Yes,No,No,No,Yes,No,Yes,Yes,Yes,Yes,18,28
Onepiece,Dresses,Winter dress,No,No,No,No,No,No,No,No,No,Yes,No,No,No,No,0,15
Onepiece,Dresses,Casual dress,No,No,Yes,No,No,No,No,No,No,Yes,Yes,Yes,No,No,18,30
Onepiece,Dresses,Work dress,Yes,No,No,No,No,No,No,No,No,Yes,No,Yes,No,No,15,25
Outer,Suits and blazers,Blazer,Yes,No,No,No,Yes,No,No,Yes,Yes,No,Yes,Yes,Yes,Yes,9,19
Outer,Coats,Poncho,No,No,Yes,No,No,Yes,Yes,No,No,Yes,Yes,No,Yes,Yes,10,18
Outer,Coats,Duffle coat,Yes,No,No,No,No,No,Yes,No,No,Yes,Yes,No,Yes,Yes,-7,9
Outer,Coats,Rain coat,No,Yes,No,No,No,Yes,Yes,No,No,Yes,Yes,Yes,Yes,Yes,2,19
Outer,Coats,Trench coat,Yes,No,No,Yes,Yes,No,No,Yes,Yes,Yes,Yes,No,Yes,Yes,9,19
Outer,Coats,Fur coat,Yes,No,Yes,Yes,Yes,No,No,Yes,Yes,Yes,No,No,Yes,Yes,-12,2
Outer,Coats,Puffer coat,No,No,No,No,No,No,Yes,No,No,Yes,No,No,No,Yes,-12,7
Outer,Coats,Winter Coat,Yes,Yes,Yes,Yes,Yes,Yes,Yes,Yes,Yes,Yes,No,No,Yes,Yes,-12,2
Outer,Jackets,Jacket,Yes,Yes,Yes,Yes,Yes,Yes,Yes,Yes,Yes,Yes,Yes,No,Yes,Yes,9,19
Outer,Jackets,Demin jacket,Yes,No,Yes,No,No,No,No,No,No,Yes,Yes,Yes,Yes,Yes,13,23
Outer,Jackets,Shacket,No,No,Yes,No,No,No,Yes,No,No,Yes,Yes,Yes,Yes,Yes,10,20
Outer,Jackets,Fleece,No,Yes,Yes,No,No,No,Yes,No,No,Yes,Yes,No,Yes,Yes,2,13
Outer,Jackets,Leather jacket,No,No,No,Yes,Yes,No,Yes,No,Yes,Yes,Yes,No,Yes,Yes,9,19