Item,Hoodie/Sweatshirt,Warm Jumper,Warm Cardigan,Light Jumper,Buttondown Shirt,Linen Shirt,Turtleneck,Short T-Shirt,Long T-Shirt,Vest,Jeans,Leather Trousers,Tailored Trousers,Cargo Pants,Linen Pants,Sweatpants,Chinos,Shorts,Denim Shorts,Linen Shorts,Cargo Shorts,Skater Shorts,Playsuit,Blazer,Waistcoat,Duffle Coat,Rain Coat,Trench Coat,Fur Coat,Puffer Coat,Winter Coat,Jacket,Denim Jacket,Shacket,Fleece,Leather Jacket
Hoodie/Sweatshirt,-20,0,-1,1,0,0,0,2,2,0,-15,-15,-15,-15,-15,-15,-15,-15,-15,-15,-15,-15,-15,-5,0,2,3,1,-2,4,5,2,5,3,6,3
Warm Jumper,0,-20,2,8,8,3,5,6,8,6,-15,-15,-15,-15,-15,-15,-15,-15,-15,-15,-15,-15,-15,2,4,4,3,2,-1,6,7,4,7,5,8,5
Warm Cardigan,0,2,-20,6,9,5,6,7,9,8,-15,-15,-15,-15,-15,-15,-15,-15,-15,-15,-15,-15,-15,3,6,3,2,2,-1,4,5,3,5,4,6,2
Light Jumper,1,8,6,-20,8,4,6,8,9,7,-15,-15,-15,-15,-15,-15,-15,-15,-15,-15,-15,-15,-15,4,6,5,4,3,-2,7,8,5,8,6,9,6
Buttondown Shirt,0,8,9,8,-20,7,8,6,9,11,-15,-15,-15,-15,-15,-15,-15,-15,-15,-15,-15,-15,-15,14,12,6,5,7,1,6,7,6,4,8,3,2
Linen Shirt,0,3,5,4,7,-20,2,4,5,3,-15,-15,-15,-15,-15,-15,-15,-15,-15,-15,-15,-15,-15,8,5,2,4,5,0,3,4,3,2,6,1,0
Turtleneck,0,5,6,6,8,2,-20,3,7,10,-15,-15,-15,-15,-15,-15,-15,-15,-15,-15,-15,-15,-15,10,9,3,2,4,0,5,6,4,3,7,2,1
Short T-Shirt,2,6,7,8,6,4,3,-20,1,6,-15,-15,-15,-15,-15,-15,-15,-15,-15,-15,-15,-15,-15,3,2,4,5,3,-1,6,7,5,8,5,7,9
Long T-Shirt,2,8,9,9,9,5,7,1,-20,10,-15,-15,-15,-15,-15,-15,-15,-15,-15,-15,-15,-15,-15,5,6,6,6,5,0,8,9,7,9,7,9,10
Vest,0,6,8,7,11,3,10,6,10,-20,-15,-15,-15,-15,-15,-15,-15,-15,-15,-15,-15,-15,-15,12,10,5,4,6,1,6,7,5,4,6,2,1
Jeans,-15,-15,-15,-15,-15,-15,-15,-15,-15,-15,-20,-15,-15,-15,-15,-15,-15,-15,-15,-15,-15,-15,-15,8,6,5,6,7,2,5,6,8,10,8,7,11
Leather Trousers,-15,-15,-15,-15,-15,-15,-15,-15,-15,-15,-15,-20,-15,-15,-15,-15,-15,-15,-15,-15,-15,-15,-15,13,11,3,2,8,8,2,3,6,2,7,1,8
Tailored Trousers,-15,-15,-15,-15,-15,-15,-15,-15,-15,-15,-15,-15,-20,-15,-15,-15,-15,-15,-15,-15,-15,-15,-15,14,12,6,5,9,9,4,5,7,3,8,2,3
Cargo Pants,-15,-15,-15,-15,-15,-15,-15,-15,-15,-15,-15,-15,-15,-20,-15,-15,-15,-15,-15,-15,-15,-15,-15,2,0,3,4,1,-2,5,6,7,9,5,8,7
Linen Pants,-15,-15,-15,-15,-15,-15,-15,-15,-15,-15,-15,-15,-15,-15,-20,-15,-15,-15,-15,-15,-15,-15,-15,5,2,2,6,5,0,4,5,6,8,7,6,4
Sweatpants,-15,-15,-15,-15,-15,-15,-15,-15,-15,-15,-15,-15,-15,-15,-15,-20,-15,-15,-15,-15,-15,-15,-15,-5,-8,2,2,0,-3,6,7,4,7,3,8,6
Chinos,-15,-15,-15,-15,-15,-15,-15,-15,-15,-15,-15,-15,-15,-15,-15,-15,-20,-15,-15,-15,-15,-15,-15,10,8,5,6,7,3,5,6,7,8,7,6,8
Shorts,-15,-15,-15,-15,-15,-15,-15,-15,-15,-15,-15,-15,-15,-15,-15,-15,-15,-20,-15,-15,-15,-15,-15,0,-2,2,4,2,-4,5,6,5,6,4,7,6
Denim Shorts,-15,-15,-15,-15,-15,-15,-15,-15,-15,-15,-15,-15,-15,-15,-15,-15,-15,-15,-20,-15,-15,-15,-15,0,-3,2,4,2,-4,5,6,6,8,5,8,9
Linen Shorts,-15,-15,-15,-15,-15,-15,-15,-15,-15,-15,-15,-15,-15,-15,-15,-15,-15,-15,-15,-20,-15,-15,-15,1,-1,1,5,2,-3,4,5,5,7,6,6,5
Cargo Shorts,-15,-15,-15,-15,-15,-15,-15,-15,-15,-15,-15,-15,-15,-15,-15,-15,-15,-15,-15,-15,-20,-15,-15,0,-2,3,4,1,-3,5,6,6,8,5,7,7
Skater Shorts,-15,-15,-15,-15,-15,-15,-15,-15,-15,-15,-15,-15,-15,-15,-15,-15,-15,-15,-15,-15,-15,-20,-15,0,-3,1,2,0,-5,4,5,5,7,3,8,8
Playsuit,-15,-15,-15,-15,-15,-15,-15,-15,-15,-15,-15,-15,-15,-15,-15,-15,-15,-15,-15,-15,-15,-15,-20,5,2,2,3,2,-1,4,5,4,5,3,5,4
Blazer,-5,2,3,4,14,8,10,3,5,12,-15,-15,-15,-15,-15,-15,-15,-15,-15,-15,-15,-15,-15,-20,14,6,4,9,12,6,7,7,3,9,2,4
Waistcoat,0,4,6,6,12,5,9,2,6,10,-15,-15,-15,-15,-15,-15,-15,-15,-15,-15,-15,-15,-15,14,-20,5,3,8,11,5,6,6,2,8,1,3
Duffle Coat,2,4,3,5,6,2,3,4,6,5,-15,-15,-15,-15,-15,-15,-15,-15,-15,-15,-15,-15,-15,6,5,-20,2,4,3,0,1,3,2,2,0,1
Rain Coat,3,3,2,4,5,4,2,5,6,4,-15,-15,-15,-15,-15,-15,-15,-15,-15,-15,-15,-15,-15,4,3,2,-20,3,1,-1,0,2,1,3,0,1
Trench Coat,1,2,2,3,7,5,4,3,5,6,-15,-15,-15,-15,-15,-15,-15,-15,-15,-15,-15,-15,-15,9,8,4,3,-20,5,2,3,4,1,5,1,2
Fur Coat,-2,-1,-1,-2,1,0,0,-1,0,1,-15,-15,-15,-15,-15,-15,-15,-15,-15,-15,-15,-15,-15,12,11,3,1,5,-20,0,1,3,0,4,0,1
Puffer Coat,4,6,4,7,6,3,5,6,8,6,-15,-15,-15,-15,-15,-15,-15,-15,-15,-15,-15,-15,-15,6,5,0,-1,2,0,-20,0,4,5,4,8,5
Winter Coat,5,7,5,8,7,4,6,7,9,7,-15,-15,-15,-15,-15,-15,-15,-15,-15,-15,-15,-15,-15,7,6,1,0,3,1,0,-20,5,6,5,9,6
Jacket,2,4,3,5,6,3,4,5,7,5,-15,-15,-15,-15,-15,-15,-15,-15,-15,-15,-15,-15,-15,7,6,3,2,4,3,4,5,-20,7,6,5,8
Denim Jacket,5,7,5,8,4,2,3,8,9,4,-15,-15,-15,-15,-15,-15,-15,-15,-15,-15,-15,-15,-15,3,2,2,1,1,0,5,6,7,-20,6,9,10
Shacket,3,5,4,6,8,6,7,5,7,6,-15,-15,-15,-15,-15,-15,-15,-15,-15,-15,-15,-15,-15,9,8,2,3,5,4,4,5,6,6,-20,4,6
Fleece,6,8,6,9,3,1,2,7,9,2,-15,-15,-15,-15,-15,-15,-15,-15,-15,-15,-15,-15,-15,2,1,0,0,1,0,8,9,5,9,4,-20,7
Leather Jacket,3,5,2,6,2,0,1,9,10,1,-15,-15,-15,-15,-15,-15,-15,-15,-15,-15,-15,-15,-15,4,3,1,1,2,1,5,6,8,10,6,7,-20
