Item,Hoodie/Sweatshirt,Warm Jumper,Warm Cardigan,Light Jumper,Light Cardigan,Buttondown Shirt,Linen Shirt,Floaty Blouse,Fancy Blouse,Waistcoat,Short Turtleneck,Long Turtleneck,Bodysuit,Short T-Shirt,Long T-Shirt,Vest,Croptop,Off-the-Shoulder,Tunic,Mini Skirt,Maxi Skirt,Knee-Length Skirt,Midi Skirt,Low Waist Midi,Cropped Jeans,Flared Jeans,High Waisted Jeans,Low Waist Jeans,Skinny Jeans,Boyfriend Jeans,Cropped Trousers,Leather Trousers,Wideleg Trousers,Tailored Trousers,Cargo Pants,Linen Pants,Leggings,Sweatpants,Chinos,Fancy Shorts,Casual Shorts,Denim Shorts,Linen Shorts,Cargo Shorts,Skater Shorts,Jumpsuit,Playsuit,Romper,Overalls,Summer Dress,Wedding Guest Dress,Evening Dress,Cocktail Dress,Winter Dress,Casual Dress,Work Dress,Blazer,Poncho,Duffle Coat,Rain Coat,Trench Coat,Fur Coat,Puffer Coat,Winter Coat,Jacket,Denim Jacket,Shacket,Fleece,Leather Jacket
Hoodie/Sweatshirt,-20,1,0,2,1,0,0,0,0,0,0,0,1,3,3,0,2,1,0,2,2,2,2,1,2,1,3,2,3,5,1,0,0,0,2,1,4,6,2,0,4,5,3,3,5,0,0,0,0,3,2,2,1,2,2,1,2,2,4,3,2,-1,3,4,2,5,4,2,2
Warm Jumper,1,-20,3,6,7,4,3,2,3,3,4,5,2,3,4,2,2,1,2,3,3,3,3,2,2,1,2,1,2,3,1,1,0,1,2,1,3,4,1,1,3,2,1,1,3,0,0,0,0,0,0,0,0,0,0,0,2,1,3,2,1,-1,3,3,2,3,3,1,1
Warm Cardigan,0,3,-20,5,8,6,4,3,4,5,5,7,3,2,3,3,1,0,3,3,3,3,3,2,2,1,2,1,2,3,1,1,0,1,2,1,3,4,1,1,3,2,1,1,3,0,0,0,0,0,0,0,0,0,0,1,3,2,3,2,2,0,3,3,2,2,2,0,0
Light Jumper,2,6,5,-20,8,7,4,3,4,5,5,6,3,4,5,3,2,1,3,4,4,4,4,3,3,2,3,2,3,4,2,1,1,2,3,2,4,5,2,2,4,3,2,2,4,1,1,1,1,1,1,1,1,1,1,0,4,2,4,3,2,0,4,4,2,3,3,1,1
Light Cardigan,1,7,8,-20,-20,7,5,4,5,6,5,7,4,3,4,4,1,0,4,4,4,4,4,3,3,2,3,2,3,4,2,1,1,2,3,2,4,5,2,2,4,3,2,2,4,1,1,1,1,1,1,1,1,1,1,0,4,2,4,3,2,0,4,4,2,3,3,1,1
Buttondown Shirt,0,4,6,7,-20,-20,8,4,7,9,6,8,5,4,6,5,3,2,5,3,3,3,3,2,4,3,5,3,4,5,3,2,2,4,4,3,5,6,3,3,5,4,3,3,5,2,1,1,1,2,1,1,1,0,2,1,14,5,5,4,5,2,4,5,3,4,3,2,2
Linen Shirt,0,3,4,4,5,8,-20,6,4,6,3,4,4,3,4,3,2,1,4,2,2,2,2,1,3,2,3,2,3,4,2,1,1,2,3,2,4,5,2,2,4,3,2,2,4,1,0,0,0,2,1,1,1,1,3,1,8,3,3,3,4,1,3,3,2,3,2,1,1
Floaty Blouse,0,2,3,3,4,4,6,-20,5,5,2,3,3,2,3,2,1,2,6,3,3,3,3,2,2,1,2,1,2,3,1,0,0,1,2,1,3,3,1,1,2,2,1,1,3,1,1,0,0,3,2,2,1,0,3,2,6,2,2,2,3,0,2,2,1,2,2,0,0
Fancy Blouse,0,3,4,4,5,7,4,5,-20,8,4,6,4,2,3,4,0,1,4,2,2,2,2,1,2,1,3,2,3,4,2,1,1,3,3,2,4,4,2,1,3,2,1,1,3,2,1,1,1,2,2,3,2,1,2,2,12,4,4,3,4,1,3,4,2,3,2,1,1
Waistcoat,0,3,5,5,6,9,6,5,8,-20,5,7,5,3,4,7,2,2,4,2,2,2,2,1,3,2,4,3,4,4,3,2,2,5,4,3,5,5,3,2,4,3,2,2,4,2,2,1,1,1,1,2,1,0,1,1,14,5,5,4,4,2,4,4,3,3,2,2,2
Short Turtleneck,0,4,5,5,5,6,3,2,4,5,-20,8,6,3,4,5,4,2,3,2,2,2,2,1,3,2,3,2,3,4,2,1,1,3,3,2,4,4,2,2,4,2,1,2,3,1,1,0,1,1,0,1,1,0,1,0,8,3,3,2,3,0,3,3,2,3,2,1,1
Long Turtleneck,0,5,7,6,7,8,4,3,6,7,8,-20,7,3,5,6,3,1,3,3,3,3,3,2,3,2,3,2,3,4,2,1,1,3,3,2,4,4,2,2,4,2,1,2,3,2,1,0,1,1,0,1,1,0,1,0,9,3,4,3,4,1,4,4,2,3,2,1,1
Bodysuit,1,2,3,3,4,5,4,3,4,5,6,7,-20,4,5,4,6,3,4,4,4,4,4,3,4,3,5,4,5,6,3,2,2,4,4,3,5,6,3,3,5,4,3,3,5,3,2,2,2,2,1,1,1,0,2,1,6,3,3,2,3,0,3,3,2,3,3,2,2
Short T-Shirt,3,3,2,4,3,4,3,2,2,3,3,3,4,-20,2,2,5,3,2,4,4,4,4,3,3,2,4,3,4,5,2,1,1,2,3,2,5,6,2,3,5,4,3,3,5,2,2,1,1,2,1,1,0,1,2,1,3,2,2,1,2,0,2,2,1,4,3,3,3
Long T-Shirt,3,4,3,5,4,6,4,3,3,4,4,5,5,2,-20,3,4,2,3,4,4,4,4,3,3,2,4,3,4,5,2,1,1,3,3,2,5,6,2,3,5,4,3,3,5,2,2,1,1,2,1,1,1,0,2,1,4,3,3,2,3,0,3,3,2,4,3,3,3
Vest,0,2,3,3,4,5,3,2,4,7,5,6,4,2,3,-20,3,2,3,2,2,2,2,1,3,2,4,3,4,4,2,1,1,4,3,2,4,5,2,2,4,3,2,2,4,2,2,1,1,1,1,1,1,0,1,0,10,3,3,2,3,0,3,3,2,2,2,1,1
Croptop,2,2,1,2,1,3,2,1,0,2,4,3,6,5,4,3,-20,6,1,5,5,5,5,4,5,4,6,5,6,7,3,2,1,3,4,3,6,7,3,4,6,5,4,4,6,4,3,3,3,3,2,2,1,1,3,1,2,2,2,1,2,0,2,2,1,5,4,4,4
Off-the-Shoulder,1,1,0,1,0,2,1,2,1,2,2,1,3,3,2,2,6,-20,2,4,4,4,4,3,4,3,4,3,4,5,2,1,1,2,3,2,5,5,2,3,5,4,3,3,5,3,2,2,2,3,2,2,1,0,3,1,3,1,2,1,2,-1,2,2,1,4,3,3,3
Tunic,0,2,3,3,4,5,4,6,4,4,3,3,4,2,3,3,1,2,-20,4,4,4,4,3,2,1,2,1,2,3,1,0,0,1,2,1,3,3,1,1,2,2,1,1,3,2,1,1,1,3,2,2,1,1,3,2,6,2,2,2,3,1,2,2,1,2,2,1,1
Mini Skirt,2,3,3,4,4,3,2,3,2,2,2,3,4,4,4,2,5,4,4,-20,3,4,3,2,4,3,5,4,5,6,3,2,2,3,4,3,5,6,3,3,5,6,4,4,6,2,2,1,2,4,3,3,2,2,4,2,1,2,2,1,2,0,2,2,1,4,3,3,3
Maxi Skirt,2,3,3,4,4,3,2,3,2,2,3,3,4,4,4,2,5,4,4,3,-20,4,4,3,3,2,4,3,4,5,2,1,1,2,3,2,4,5,2,2,4,5,3,3,5,2,2,1,2,5,4,5,3,2,5,4,1,2,2,1,2,0,2,2,1,3,2,2,2
Knee-Length Skirt,2,3,3,4,4,3,2,3,2,2,3,3,4,4,4,2,5,4,4,4,4,-20,5,4,4,3,5,4,5,6,3,2,2,3,4,3,5,6,3,3,5,6,4,4,6,2,2,1,2,4,3,4,2,2,4,2,2,2,2,1,2,0,2,3,1,4,3,3,3
Midi Skirt,2,3,3,4,4,3,2,3,2,2,3,3,4,4,4,2,5,4,4,3,4,5,-20,4,3,2,4,3,4,5,2,1,1,2,3,2,4,5,2,2,4,5,3,3,5,2,2,1,2,5,4,5,3,2,5,4,1,2,2,1,2,0,2,2,1,3,2,2,2
Low Waist Midi,1,2,2,3,3,2,1,2,1,1,1,2,3,3,3,1,4,3,3,2,3,4,4,-20,2,1,3,2,3,4,1,0,0,1,2,1,3,4,1,1,3,4,2,2,4,1,1,0,1,4,3,4,2,1,4,3,0,1,1,0,1,-1,1,1,0,2,1,1,1
Cropped Jeans,2,2,2,3,3,4,3,2,2,3,3,3,4,3,3,3,5,4,2,4,3,4,3,-20,-20,2,2,1,2,4,2,1,1,2,3,2,4,5,2,2,4,5,3,3,5,1,0,0,1,1,0,0,0,0,1,0,8,3,3,2,2,1,2,3,2,5,4,4,4
Flared Jeans,1,1,1,2,2,3,2,1,1,2,2,2,3,2,2,2,4,3,1,3,2,3,2,1,-20,-20,1,0,1,3,1,0,0,1,2,1,3,4,1,1,3,4,2,2,4,0,-1,-1,0,1,0,0,-1,-1,0,-1,6,2,2,1,1,0,2,2,1,4,3,3,3
High Waisted Jeans,3,2,2,3,3,5,3,2,3,4,3,3,5,4,4,4,6,4,2,5,4,5,4,3,2,-20,-20,1,2,5,3,2,2,3,4,3,5,6,3,2,5,6,4,4,6,2,1,1,2,2,1,1,0,0,1,0,10,4,4,2,3,1,3,4,3,6,4,4,5
Low Waist Jeans,2,1,1,2,2,3,2,1,2,3,2,2,4,3,3,3,5,3,1,4,3,4,3,2,1,1,-20,-20,1,4,2,1,1,2,3,2,4,5,2,2,4,5,3,3,5,1,0,0,1,1,0,0,-1,-1,0,-1,7,2,2,1,1,0,2,2,1,4,3,3,3
Skinny Jeans,3,2,2,3,3,4,3,2,3,4,3,3,5,4,4,4,6,4,2,5,4,5,4,3,2,1,1,-20,-20,4,2,1,1,2,3,2,4,5,2,2,4,5,3,3,5,2,1,1,2,2,1,1,0,0,1,0,9,4,4,2,3,1,3,4,3,6,5,5,5
Boyfriend Jeans,5,3,3,4,4,5,4,3,4,4,4,4,6,5,5,4,7,5,3,5,4,5,4,3,2,1,2,2,-20,-20,3,2,2,3,4,3,5,6,3,3,5,6,4,4,6,3,2,2,3,3,2,2,1,1,2,1,8,5,5,3,4,2,4,5,4,7,6,6,5
Cropped Trousers,1,1,1,2,2,3,2,1,2,3,2,2,3,2,2,2,3,2,1,3,2,3,2,1,2,1,3,2,3,-20,-20,0,0,1,2,1,3,4,1,1,3,4,2,2,4,1,0,0,1,2,1,1,0,0,1,0,8,2,2,1,1,0,2,2,1,3,2,2,3
Leather Trousers,0,1,1,1,1,2,1,0,1,2,1,1,2,1,1,1,2,1,0,3,2,3,2,0,1,0,2,1,2,1,-20,-20,1,2,2,1,3,4,1,1,3,4,2,2,4,2,1,1,2,2,1,1,0,0,2,1,11,3,3,2,2,1,3,3,1,5,3,5,5
Wideleg Trousers,0,0,0,1,1,2,1,0,1,2,1,1,2,1,1,1,1,1,0,2,1,2,1,0,1,0,2,1,2,0,1,-20,-20,2,3,2,3,4,1,1,2,3,1,1,3,1,0,0,1,2,1,1,0,0,1,1,9,2,2,1,2,0,2,2,1,3,2,2,3
Tailored Trousers,0,1,1,2,2,4,2,1,3,5,3,3,4,2,3,4,3,2,1,3,2,3,2,0,1,0,2,1,2,1,1,2,-20,-20,3,2,4,5,2,1,3,4,2,2,4,3,2,2,3,3,2,2,1,1,2,1,14,4,4,2,3,1,3,4,2,4,3,2,4
Cargo Pants,2,2,2,3,3,4,3,2,3,4,3,3,4,3,3,3,4,3,2,3,2,3,2,1,2,1,3,2,3,2,2,2,3,-20,-20,1,4,5,2,2,4,5,3,3,5,2,1,1,2,2,1,1,0,0,1,0,6,3,3,2,2,1,3,3,2,5,4,3,3
Linen Pants,1,1,1,2,2,3,3,1,2,3,2,2,3,2,2,2,3,2,1,4,3,4,3,1,2,1,3,2,3,1,1,2,2,2,-20,-20,4,5,2,2,4,5,3,3,5,2,1,1,2,3,2,2,1,1,3,1,7,2,2,1,2,0,2,3,1,3,2,1,3
Leggings,4,3,3,4,4,5,4,3,4,5,4,4,5,5,5,4,6,5,3,5,4,5,4,3,2,1,3,2,3,1,1,1,2,1,3,-20,-20,7,3,2,5,6,4,4,6,3,2,2,3,2,1,1,0,0,1,0,4,4,4,2,3,1,3,4,3,6,5,5,5
Sweatpants,6,4,4,5,5,6,5,3,4,5,4,4,6,6,6,5,7,5,3,6,5,6,5,4,4,3,5,4,5,4,4,4,5,4,5,5,-20,-20,4,3,6,7,5,5,7,4,3,3,4,2,0,0,-1,-1,0,-1,1,3,3,1,2,0,3,3,2,5,5,4,5
Chinos,2,1,1,2,2,3,2,1,2,3,2,2,3,2,2,2,3,2,1,3,2,3,2,1,2,1,3,2,3,1,1,1,2,1,2,2,3,-20,-20,2,4,5,3,3,5,2,1,1,2,2,1,1,0,0,1,0,8,2,2,1,2,0,2,3,1,4,3,2,2
Fancy Shorts,0,1,1,2,2,3,2,1,2,2,2,2,3,2,2,2,3,2,1,3,2,3,2,1,2,1,3,2,3,1,1,1,1,2,2,2,3,2,-20,-20,3,4,2,2,4,1,0,0,1,2,1,1,0,0,1,0,8,3,3,2,2,0,2,2,1,3,2,2,2
Casual Shorts,4,3,3,4,4,5,4,1,1,2,2,2,3,3,3,2,4,3,1,3,2,3,2,1,2,1,3,2,3,1,1,1,1,2,2,2,3,2,2,-20,-20,3,1,1,4,2,1,1,2,2,1,1,0,0,1,0,2,3,3,1,2,1,3,3,2,5,5,5,5
Denim Shorts,5,2,2,3,3,5,4,2,3,4,4,2,4,5,5,4,6,5,2,5,4,5,4,3,4,3,5,4,5,3,3,3,3,4,4,5,6,4,3,2,-20,-20,2,2,5,3,2,2,3,2,1,1,0,0,1,0,3,4,4,2,3,1,3,4,3,6,5,5,5
Linen Shorts,3,1,1,2,2,3,2,2,1,2,1,2,4,3,2,2,5,4,1,6,5,6,5,4,3,2,4,3,4,2,2,2,1,2,3,4,5,3,2,1,3,-20,-20,2,5,2,1,1,2,3,2,2,1,1,3,1,3,3,3,1,2,0,3,2,1,5,4,4,3
Cargo Shorts,3,1,1,2,2,4,3,1,1,2,2,2,3,3,3,2,4,3,1,4,3,4,3,2,3,2,4,3,4,2,2,2,1,2,3,4,5,3,2,1,2,3,-20,-20,5,2,1,1,2,2,1,1,0,0,1,0,2,3,3,1,2,0,3,3,2,5,5,4,3
Skater Shorts,3,1,1,2,2,3,2,1,1,2,2,2,3,3,3,2,4,3,1,4,3,4,3,2,3,2,4,3,4,2,2,2,1,2,3,4,5,3,2,1,2,3,2,-20,-20,2,1,1,2,2,1,1,0,0,1,0,2,3,3,1,2,0,3,3,2,5,5,4,5
Jumpsuit,0,0,0,1,1,2,1,1,1,1,1,2,3,2,2,1,4,3,2,2,2,2,2,1,1,0,2,1,3,1,1,1,1,2,2,2,3,2,1,2,3,2,2,2,-20,-20,1,2,3,3,2,2,1,1,2,1,6,3,3,2,2,0,2,3,1,2,1,1,2
Playsuit,0,0,0,1,1,1,0,1,1,1,1,1,3,2,2,1,3,2,1,2,2,2,2,1,0,0,2,1,2,0,1,1,0,2,2,1,2,3,1,1,2,1,1,1,2,-20,-20,3,2,2,2,1,1,2,1,4,2,2,1,1,0,1,2,1,2,1,0,2,1
Romper,0,0,0,1,1,1,0,1,1,0,0,1,2,1,1,0,3,2,1,1,1,1,1,0,0,-1,1,0,1,-1,0,0,-1,0,0,0,1,2,0,-1,0,0,-1,-1,1,2,-20,-20,1,2,1,0,0,1,0,4,1,1,0,0,-1,1,1,0,1,0,0,2,1
Overalls,0,0,0,1,1,1,0,0,1,0,0,1,2,1,1,0,3,2,1,2,2,2,2,1,0,-1,2,1,3,0,1,1,0,2,2,1,2,3,1,1,3,2,2,2,3,3,2,-20,-20,2,2,1,1,2,1,5,2,2,0,1,0,1,2,0,1,0,0,3,2
Summer Dress,3,0,0,1,1,2,3,5,4,1,1,2,2,2,2,1,4,4,5,4,5,4,5,4,1,1,2,1,3,2,2,2,2,3,2,3,2,2,2,2,2,3,2,2,3,2,1,2,-20,-20,5,3,3,4,3,2,2,2,1,2,1,3,3,2,3,2,2,2,1
Wedding Guest Dress,1,1,1,2,2,2,2,4,3,1,1,2,2,1,2,1,3,3,4,3,4,3,4,3,0,0,1,0,2,1,1,1,2,2,2,2,1,1,1,1,2,2,1,1,3,2,1,2,4,-20,-20,2,2,3,2,2,2,2,1,2,1,2,2,1,2,1,1,2,1
Evening Dress,1,0,0,1,1,2,2,5,4,1,1,2,1,1,1,2,3,3,5,3,5,4,5,4,0,0,1,0,2,1,1,1,2,2,1,2,1,1,1,1,1,2,1,1,2,2,1,2,5,4,-20,-20,3,4,3,1,2,2,1,2,0,3,3,1,2,1,1,1,0
Cocktail Dress,0,0,0,0,0,1,1,3,3,1,1,1,1,0,1,1,1,1,1,2,3,2,3,2,0,-1,0,-1,1,0,0,1,1,2,0,1,-1,0,0,0,0,1,0,0,1,1,0,1,3,2,3,-20,-20,2,1,1,1,2,0,1,0,2,2,1,1,0,1,1,1
Winter Dress,1,0,0,1,1,1,1,2,1,0,0,1,1,0,1,1,2,2,1,2,2,2,2,1,0,-1,0,-1,1,0,0,0,0,1,0,1,-1,0,0,0,0,1,0,0,1,1,0,1,3,2,3,2,-20,-20,1,1,1,2,0,1,0,2,2,1,2,1,1,3,2
Casual Dress,3,1,1,2,2,2,3,5,3,1,1,2,2,2,2,1,4,4,5,4,5,4,5,4,1,0,1,0,3,1,1,2,2,2,3,3,1,1,1,1,1,3,1,1,2,2,1,2,4,3,4,2,2,-20,-20,2,2,2,1,2,1,3,3,2,3,2,2,1,1
Work Dress,1,0,0,1,1,2,2,4,2,0,0,1,1,1,1,0,2,2,4,2,4,2,4,3,0,-1,0,-1,1,0,0,1,1,1,1,1,-1,0,0,0,0,1,0,0,1,1,0,1,3,2,3,1,1,2,-20,-20,1,2,0,1,0,2,2,1,2,1,1,8,8
Blazer,1,2,3,4,4,14,8,6,12,14,8,9,6,3,4,10,2,3,6,1,1,2,1,0,7,5,9,6,8,8,8,11,9,14,6,7,4,1,7,7,3,3,2,2,6,4,4,5,2,2,2,2,1,2,1,-20,-20,6,9,10,8,10,8,8,4,4,4,5,5
Poncho,2,1,2,2,2,5,3,2,4,5,3,3,3,2,3,3,1,1,2,2,2,2,2,1,3,2,4,3,5,5,3,4,3,5,3,3,4,5,3,2,4,4,3,3,3,2,1,2,2,2,2,2,1,2,1,-20,3,-20,4,4,3,5,4,4,1,2,2,4,4
Duffle Coat,4,3,3,4,4,5,3,2,4,5,3,4,3,2,3,3,2,2,2,2,2,2,2,1,3,2,4,3,5,5,3,4,3,5,3,3,5,5,3,2,4,4,3,3,3,2,1,2,2,2,3,2,2,3,1,6,-20,2,-20,2,2,1,2,2,2,3,3,3,2
Rain Coat,3,2,2,3,3,4,3,2,3,4,2,3,2,1,2,2,1,1,2,2,2,2,2,1,3,2,4,3,5,5,3,4,3,5,3,3,4,5,2,2,4,4,3,3,3,2,1,2,2,2,3,2,1,2,1,6,2,-20,2,-20,1,1,1,2,1,1,1,4,4
Trench Coat,2,1,2,2,2,5,4,2,3,4,2,3,1,1,2,2,1,1,2,1,1,1,1,0,2,1,2,1,3,3,2,3,2,3,2,2,4,3,2,1,3,3,2,2,2,1,0,2,1,1,2,1,0,1,0,9,3,2,-20,3,-20,2,1,3,2,2,1,2,2
Fur Coat,-1,-1,0,0,0,2,1,0,1,2,0,1,0,0,0,0,0,0,1,1,1,1,1,0,2,1,2,1,3,3,1,2,2,2,1,2,3,3,1,0,2,2,1,1,2,1,0,1,1,1,0,1,0,1,0,8,2,1,3,-20,0,-20,0,2,-20,5,4,4,2
Puffer Coat,3,3,3,4,4,4,3,2,3,4,3,4,3,2,3,3,2,2,2,2,2,2,2,1,2,1,3,2,4,4,2,4,3,4,2,3,3,3,2,1,3,3,2,2,2,1,0,2,2,1,2,1,1,2,1,8,3,1,2,1,-20,2,-20,2,5,-20,5,5,4
Winter Coat,4,3,3,4,4,5,4,2,3,4,3,4,3,2,3,3,2,2,2,2,2,2,2,1,3,2,4,3,5,5,3,4,3,4,3,3,4,4,3,2,3,3,2,2,2,1,1,2,3,2,3,2,2,3,2,8,5,2,3,2,-20,2,2,-20,4,5,-20,-20,3
Jacket,2,2,2,2,2,3,2,1,2,3,2,2,2,1,2,2,1,1,1,2,2,3,2,1,2,1,3,2,3,3,2,3,2,3,2,2,3,3,2,1,3,3,2,2,2,1,1,2,2,1,2,1,1,2,1,10,4,1,2,1,2,-20,5,4,-20,-10,5,10,-10
Denim Jacket,4,3,2,3,3,4,3,1,2,3,2,3,3,4,4,2,5,4,2,2,2,2,2,1,2,2,3,2,3,4,2,3,2,3,2,2,4,4,2,1,3,3,2,2,3,2,1,1,3,2,3,2,2,3,2,8,4,2,3,1,2,5,-20,5,-10,-20,10,10,-15
Shacket,3,2,2,3,3,5,3,1,3,3,2,3,2,2,3,2,2,2,2,2,1,2,1,0,2,1,3,2,3,4,2,3,2,4,2,2,3,3,2,1,3,3,2,2,3,2,0,0,2,2,2,1,1,2,1,8,4,2,3,1,1,4,5,-20,5,10,-20,5,0
Fleece,6,4,4,5,5,5,4,2,4,4,4,4,5,5,5,4,6,5,3,4,3,4,3,2,4,3,6,4,4,6,4,5,4,4,5,5,6,6,4,3,5,5,4,4,6,3,2,2,3,2,2,1,1,3,1,8,5,4,3,4,2,4,5,-20,10,10,5,-20,0
Leather Jacket,2,1,0,1,1,2,1,0,1,2,1,1,2,3,3,1,4,3,1,3,2,3,2,1,4,3,5,3,5,5,3,5,3,4,3,3,5,5,2,2,5,5,3,3,5,2,1,1,2,1,1,0,1,2,1,8,5,4,2,4,2,2,4,3,-10,-15,0,0,-20
