Item,Hoodie/Sweatshirt,Warm Jumper,Warm Cardigan,Light Jumper,Light Cardigan,Buttondown Shirt,Linen Shirt,Floaty Blouse,Fancy Blouse,Waistcoat,Short Turtleneck,Long Turtleneck,Bodysuit,Short T-Shirt,Long T-Shirt,Vest,Croptop,Off-the-Shoulder,Tunic,Mini Skirt,Maxi Skirt,Knee-Length Skirt,Midi Skirt,Low Waist Midi,Cropped Jeans,Flared Jeans,High Waisted Jeans,Low Waist Jeans,Skinny Jeans,Boyfriend Jeans,Cropped Trousers,Leather Trousers,Wideleg Trousers,Tailored Trousers,Cargo Pants,Linen Pants,Leggings,Sweatpants,Chinos,Fancy Shorts,Casual Shorts,Denim Shorts,Linen Shorts,Cargo Shorts,Jumpsuit,Overalls,Playsuit,Romper,Summer Dress,Wedding Guest Dress,Evening Dress,Cocktail Dress,Winter Dress,Casual Dress,Work Dress,Blazer,Poncho,Duffle Coat,Rain Coat,Trench Coat,Fur Coat,Puffer Coat,Winter Coat,Jacket,Denim Jacket,Fleece,Leather Jacket
Hoodie/Sweatshirt,-20,0,-1,1,0,-2,-2,-3,-3,-2,-1,-1,0,2,2,-1,1,0,-1,-15,-15,-15,-15,-15,2,1,2,1,2,3,0,-1,-2,-1,1,0,3,4,1,-1,2,2,1,1,-15,-15,-15,-15,-1,-2,-2,-2,-1,0,-1,-2,0,3,2,1,-2,2,3,1,3,2,1
Warm Jumper,0,-20,3,6,7,6,5,4,5,5,5,7,3,3,4,4,2,1,3,-15,-15,-15,-15,-15,2,1,3,2,3,4,2,1,1,2,2,1,3,4,2,1,2,2,1,1,-15,-15,-15,-15,1,1,1,0,0,1,0,6,2,3,2,2,0,3,3,2,2,2,1
Warm Cardigan,0,3,-20,6,8,8,6,5,6,7,6,8,4,2,3,5,1,0,4,-15,-15,-15,-15,-15,2,1,3,2,3,4,2,1,1,2,2,1,3,4,2,1,2,2,1,1,-15,-15,-15,-15,1,1,1,0,0,1,0,7,2,3,2,2,0,3,3,2,2,2,1
Light Jumper,1,6,6,-20,8,7,5,4,5,6,5,7,3,3,4,4,1,0,3,-15,-15,-15,-15,-15,2,1,3,2,3,4,2,1,1,2,2,1,3,4,2,1,2,2,1,1,-15,-15,-15,-15,1,1,1,0,0,1,0,6,2,3,2,2,0,3,3,2,2,2,1
Light Cardigan,0,7,8,-20,-20,8,6,5,6,7,6,8,4,2,3,5,0,-1,4,-15,-15,-15,-15,-15,2,1,3,2,3,4,2,1,1,2,2,1,3,4,2,1,2,2,1,1,-15,-15,-15,-15,1,1,1,0,0,1,0,7,2,3,2,2,0,3,3,2,2,2,1
Buttondown Shirt,-2,6,8,7,-20,-20,9,6,8,11,8,9,7,4,6,8,2,1,6,-15,-15,-15,-15,-15,4,3,5,4,5,6,4,3,3,6,4,3,5,5,4,2,4,3,2,2,-15,-15,-15,-15,3,2,2,1,1,2,1,14,6,5,4,5,2,4,5,3,3,2,2
Linen Shirt,-2,5,6,5,6,9,-20,7,6,8,5,6,6,3,5,6,1,0,5,-15,-15,-15,-15,-15,3,2,4,3,4,5,3,2,2,4,3,2,4,4,3,1,3,2,1,1,-15,-15,-15,-15,3,2,2,1,1,3,2,10,4,4,3,4,1,3,4,2,2,1,1
Floaty Blouse,-3,4,5,4,5,6,7,-20,7,6,3,4,4,1,2,3,0,1,7,-15,-15,-15,-15,-15,1,0,2,1,2,3,1,0,0,1,1,0,2,2,1,0,1,1,0,0,-15,-15,-15,-15,5,3,4,2,1,4,3,8,2,2,2,3,1,2,2,1,1,0,0
Fancy Blouse,-3,5,6,5,6,8,6,7,-20,9,6,8,6,2,3,6,0,0,5,-15,-15,-15,-15,-15,2,1,3,2,3,4,2,1,1,4,2,1,4,4,2,1,2,2,1,1,-15,-15,-15,-15,4,3,4,3,2,3,2,13,5,5,4,5,2,4,4,3,2,1,1
Waistcoat,-2,5,7,6,7,11,8,6,9,-20,7,9,7,3,4,9,1,0,5,-15,-15,-15,-15,-15,3,2,4,3,4,5,3,2,2,6,3,2,5,5,3,1,3,2,1,1,-15,-15,-15,-15,2,1,2,1,0,1,1,14,6,5,4,5,2,4,4,3,2,1,1
Short Turtleneck,-1,5,6,5,6,8,5,3,6,7,-20,8,7,3,4,6,3,1,3,-15,-15,-15,-15,-15,3,2,3,2,3,4,2,1,1,4,2,1,4,4,2,1,3,2,1,1,-15,-15,-15,-15,1,0,1,0,0,0,0,9,3,3,2,3,0,3,3,2,2,1,1
Long Turtleneck,-1,7,8,7,8,9,6,4,8,9,8,-20,8,3,5,8,2,0,3,-15,-15,-15,-15,-15,3,2,3,2,3,4,2,1,1,4,2,1,4,4,2,1,3,2,1,1,-15,-15,-15,-15,1,0,1,0,0,0,0,10,3,4,3,4,1,4,4,2,2,1,1
Bodysuit,0,3,4,3,4,7,6,4,6,7,7,8,-20,4,5,6,5,2,4,-15,-15,-15,-15,-15,4,3,5,4,5,6,3,2,2,5,3,2,5,5,3,2,4,3,2,2,-15,-15,-15,-15,2,1,1,0,0,1,0,8,3,3,2,3,0,3,3,2,3,2,1
Short T-Shirt,2,3,2,3,2,4,3,1,2,3,3,3,4,-20,1,2,4,2,1,-15,-15,-15,-15,-15,3,2,4,3,4,4,2,1,0,2,2,1,4,5,2,2,4,3,2,2,-15,-15,-15,-15,1,0,0,-1,0,1,0,2,1,1,0,1,-1,1,1,1,3,2,2
Long T-Shirt,2,4,3,4,3,6,5,2,3,4,4,5,5,1,-20,3,3,1,2,-15,-15,-15,-15,-15,3,2,4,3,4,4,2,1,0,3,2,1,4,5,2,2,4,3,2,2,-15,-15,-15,-15,1,0,0,0,0,1,0,3,2,2,1,2,-1,2,2,1,3,2,2
Vest,-1,4,5,4,5,8,6,3,6,9,6,8,6,2,3,-20,2,1,4,-15,-15,-15,-15,-15,3,2,4,3,4,5,2,1,1,5,3,2,4,4,2,1,3,2,1,1,-15,-15,-15,-15,1,1,1,0,0,0,0,11,4,4,3,4,1,4,4,3,2,1,1
Croptop,1,2,1,1,0,2,1,0,-1,1,3,2,5,4,3,2,-20,4,0,-15,-15,-15,-15,-15,4,3,5,4,5,6,2,1,0,2,3,2,5,6,2,3,5,4,3,3,-15,-15,-15,-15,2,1,1,0,0,2,0,0,1,1,0,1,-2,1,1,0,4,3,3
Off-the-Shoulder,0,1,0,0,-1,1,0,1,0,0,1,0,2,2,1,1,4,-20,1,-15,-15,-15,-15,-15,3,2,4,3,4,5,2,1,0,2,2,1,4,5,1,2,4,3,2,2,-15,-15,-15,-15,2,1,1,0,0,2,0,2,0,1,0,1,-2,1,1,0,3,2,2
Tunic,-1,3,4,3,4,6,5,7,5,5,3,3,4,1,2,4,0,1,-20,-15,-15,-15,-15,-15,2,1,2,1,2,3,1,0,0,1,1,0,2,3,1,0,2,1,0,0,-15,-15,-15,-15,4,2,3,1,1,3,2,7,2,2,2,3,1,2,2,1,1,1,0
Mini Skirt,-15,-15,-15,-15,-15,-15,-15,-15,-15,-15,-15,-15,-15,-15,-15,-15,-15,-15,-15,-20,-15,-15,-15,-15,-15,-15,-15,-15,-15,-15,-15,-15,-15,-15,-15,-15,-15,-15,-15,-15,-15,-15,-15,-15,-15,-15,-15,-15,-15,-15,-15,-15,-15,-15,-15,-1,0,0,0,0,-2,0,0,1,2,0,0
Maxi Skirt,-15,-15,-15,-15,-15,-15,-15,-15,-15,-15,-15,-15,-15,-15,-15,-15,-15,-15,-15,-15,-20,-15,-15,-15,-15,-15,-15,-15,-15,-15,-15,-15,-15,-15,-15,-15,-15,-15,-15,-15,-15,-15,-15,-15,-15,-15,-15,-15,-15,-15,-15,-15,-15,-15,-15,0,-1,0,-1,0,-1,0,0,1,2,0,0
Knee-Length Skirt,-15,-15,-15,-15,-15,-15,-15,-15,-15,-15,-15,-15,-15,-15,-15,-15,-15,-15,-15,-15,-15,-20,-15,-15,-15,-15,-15,-15,-15,-15,-15,-15,-15,-15,-15,-15,-15,-15,-15,-15,-15,-15,-15,-15,-15,-15,-15,-15,-15,-15,-15,-15,-15,-15,-15,2,1,1,0,1,0,0,0,1,2,0,0
Midi Skirt,-15,-15,-15,-15,-15,-15,-15,-15,-15,-15,-15,-15,-15,-15,-15,-15,-15,-15,-15,-15,-15,-15,-20,-15,-15,-15,-15,-15,-15,-15,-15,-15,-15,-15,-15,-15,-15,-15,-15,-15,-15,-15,-15,-15,-15,-15,-15,-15,-15,-15,-15,-15,-15,-15,-15,1,0,0,-1,0,-1,0,0,1,2,0,0
Low Waist Midi,-15,-15,-15,-15,-15,-15,-15,-15,-15,-15,-15,-15,-15,-15,-15,-15,-15,-15,-15,-15,-15,-15,-15,-20,-15,-15,-15,-15,-15,-15,-15,-15,-15,-15,-15,-15,-15,-15,-15,-15,-15,-15,-15,-15,-15,-15,-15,-15,-15,-15,-15,-15,-15,-15,-15,-1,-2,-1,-2,-1,-2,-1,-1,0,1,-1,-1
Cropped Jeans,2,2,2,2,2,4,3,1,2,3,3,3,4,3,3,3,4,3,2,-15,-15,-15,-15,-15,-20,-15,-15,-15,-15,-15,-15,-15,-15,-15,-15,-15,-15,-15,-15,1,2,3,1,2,-15,-15,-15,-15,0,-1,-1,-1,-1,0,-1,7,2,2,1,1,0,2,2,1,4,3,3
Flared Jeans,1,1,1,1,1,3,2,0,1,2,2,2,3,2,2,2,3,2,1,-15,-15,-15,-15,-15,-15,-20,-15,-15,-15,-15,-15,-15,-15,-15,-15,-15,-15,-15,-15,0,1,2,0,1,-15,-15,-15,-15,-1,-1,-1,-1,-1,0,-1,5,1,1,0,0,-1,1,1,0,3,2,2
High Waisted Jeans,2,3,3,3,3,5,4,2,3,4,3,3,5,4,4,4,5,4,2,-15,-15,-15,-15,-15,-15,-15,-20,-15,-15,-15,-15,-15,-15,-15,-15,-15,-15,-15,-15,2,3,4,2,3,-15,-15,-15,-15,0,-1,-1,-1,-1,0,-1,9,3,3,1,2,0,3,3,2,5,4,3
Low Waist Jeans,1,2,2,2,2,4,3,1,2,3,2,2,4,3,3,3,4,3,1,-15,-15,-15,-15,-15,-15,-15,-15,-20,-15,-15,-15,-15,-15,-15,-15,-15,-15,-15,-15,1,2,3,1,2,-15,-15,-15,-15,-1,-1,-1,-1,-1,0,-1,6,1,1,0,0,-1,1,1,0,3,2,2
Skinny Jeans,2,3,3,3,3,5,4,2,3,4,3,3,5,4,4,4,5,4,2,-15,-15,-15,-15,-15,-15,-15,-15,-15,-20,-15,-15,-15,-15,-15,-15,-15,-15,-15,-15,2,3,4,2,3,-15,-15,-15,-15,0,-1,-1,-1,-1,0,-1,8,3,3,1,2,0,3,3,2,5,4,4
Boyfriend Jeans,3,4,4,4,4,6,5,3,4,5,4,4,6,4,4,5,6,5,3,-15,-15,-15,-15,-15,-15,-15,-15,-15,-15,-20,-15,-15,-15,-15,-15,-15,-15,-15,-15,3,4,5,3,4,-15,-15,-15,-15,1,0,0,0,0,1,0,7,4,4,2,3,1,3,4,3,6,5,4
Cropped Trousers,0,2,2,2,2,4,3,1,2,3,2,2,3,2,2,2,2,2,1,-15,-15,-15,-15,-15,-15,-15,-15,-15,-15,-15,-20,-15,-15,-15,-15,-15,-15,-15,-15,0,1,1,0,1,-15,-15,-15,-15,1,0,0,0,0,1,0,8,2,2,1,1,0,2,2,1,2,1,1
Leather Trousers,0,1,1,1,1,3,2,0,1,2,1,1,2,1,1,1,1,1,0,-15,-15,-15,-15,-15,-15,-15,-15,-15,-15,-15,-15,-20,-15,-15,-15,-15,-15,-15,-15,-1,0,1,0,0,-15,-15,-15,-15,2,1,1,1,1,2,2,12,3,3,2,3,2,3,4,2,4,3,4
Wideleg Trousers,0,1,1,1,1,3,2,0,1,2,1,1,2,0,0,1,0,0,0,-15,-15,-15,-15,-15,-15,-15,-15,-15,-15,-15,-15,-15,-20,-15,-15,-15,-15,-15,-15,0,0,0,-1,0,-15,-15,-15,-15,2,1,1,1,1,1,1,10,1,1,0,1,0,2,2,1,2,1,1
Tailored Trousers,-1,2,2,2,2,6,4,1,4,6,4,4,5,2,3,5,2,2,1,-15,-15,-15,-15,-15,-15,-15,-15,-15,-15,-15,-15,-15,-15,-20,-15,-15,-15,-15,-15,0,1,1,0,0,-15,-15,-15,-15,3,2,2,2,1,3,2,14,5,5,3,4,2,4,5,3,4,2,2
Cargo Pants,1,2,2,2,2,4,3,1,2,3,2,2,4,2,2,3,3,2,1,-15,-15,-15,-15,-15,-15,-15,-15,-15,-15,-15,-15,-15,-15,-15,-20,-15,-15,-15,-15,1,2,2,1,1,-15,-15,-15,-15,1,0,0,0,0,1,0,5,2,2,1,1,0,2,2,1,4,3,2
Linen Pants,0,1,1,1,1,3,3,1,2,3,2,2,3,1,1,2,2,1,0,-15,-15,-15,-15,-15,-15,-15,-15,-15,-15,-15,-15,-15,-15,-15,-15,-20,-15,-15,-15,0,1,1,0,0,-15,-15,-15,-15,2,1,1,1,1,2,1,7,2,2,1,2,1,2,3,1,2,1,1
Leggings,3,3,3,3,3,5,4,2,4,5,4,4,5,4,4,4,5,4,2,-15,-15,-15,-15,-15,-15,-15,-15,-15,-15,-15,-15,-15,-15,-15,-15,-15,-20,-15,-15,2,3,4,2,3,-15,-15,-15,-15,1,0,0,0,0,1,0,3,3,3,1,2,0,2,3,2,5,4,4
Sweatpants,4,4,4,4,4,5,4,2,4,5,4,4,6,5,5,4,6,5,3,-15,-15,-15,-15,-15,-15,-15,-15,-15,-15,-15,-15,-15,-15,-15,-15,-15,-15,-20,-15,3,4,5,3,4,-15,-15,-15,-15,-1,-2,-2,-2,-2,-1,-1,0,2,2,0,1,-1,2,2,1,4,4,3
Chinos,1,2,2,2,2,4,3,1,2,3,2,2,3,2,2,2,2,1,1,-15,-15,-15,-15,-15,-15,-15,-15,-15,-15,-15,-15,-15,-15,-15,-15,-15,-15,-15,-20,0,1,1,0,1,-15,-15,-15,-15,1,0,0,0,0,1,0,7,2,2,1,1,0,2,2,1,3,2,1
Fancy Shorts,0,1,1,1,1,2,1,0,1,1,1,1,2,2,2,1,3,1,0,-15,-15,-15,-15,-15,-15,-15,-15,-15,-15,-15,-15,-15,-15,-15,-15,-15,-15,-15,-15,-20,-15,-15,-15,-15,-15,-15,-15,-15,0,0,0,0,0,-15,-15,-15,-15,1,0,0,0,0,1,0,7,2,2
Casual Shorts,2,1,1,1,1,3,2,0,0,1,1,1,2,2,2,1,3,2,0,-15,-15,-15,-15,-15,-15,-15,-15,-15,-15,-15,-15,-15,-15,-15,-15,-15,-15,-15,-15,-15,-20,-15,-15,-15,-15,-15,-15,-15,1,1,1,1,1,-15,-15,-15,-15,1,0,0,0,0,0,0,1,2,2
Denim Shorts,3,2,2,2,2,4,2,1,2,3,2,2,4,4,4,3,5,4,1,-15,-15,-15,-15,-15,-15,-15,-15,-15,-15,-15,-15,-15,-15,-15,-15,-15,-15,-15,-15,-15,-15,-20,-15,-15,-15,-15,-15,-15,1,0,1,0,1,-15,-15,-15,-15,0,0,0,0,0,0,0,2,3,3
Linen Shorts,1,1,1,1,1,2,2,1,1,1,1,1,3,2,2,2,4,3,0,-15,-15,-15,-15,-15,-15,-15,-15,-15,-15,-15,-15,-15,-15,-15,-15,-15,-15,-15,-15,-15,-15,-15,-20,-15,-15,-15,-15,-15,0,0,0,0,0,-15,-15,-15,-15,1,0,0,0,0,1,0,2,2,2
Cargo Shorts,1,1,1,1,1,2,1,0,0,1,2,2,3,2,2,2,3,2,0,-15,-15,-15,-15,-15,-15,-15,-15,-15,-15,-15,-15,-15,-15,-15,-15,-15,-15,-15,-15,-15,-15,-15,-15,-20,-15,-15,-15,-15,0,0,0,0,0,-15,-15,-15,-15,0,0,0,0,0,0,0,1,2,2
Jumpsuit,-15,-15,-15,-15,-15,-15,-15,-15,-15,-15,-15,-15,-15,-15,-15,-15,-15,-15,-15,-15,-15,-15,-15,-15,-15,-15,-15,-15,-15,-15,-15,-15,-15,-15,-15,-15,-15,-15,-15,-15,-15,-15,-15,-15,-20,-15,-15,-15,4,2,2,1,1,2,1,6,3,3,1,2,0,2,2,1,2,1,1
Overalls,-15,-15,-15,-15,-15,-15,-15,-15,-15,-15,-15,-15,-15,-15,-15,-15,-15,-15,-15,-15,-15,-15,-15,-15,-15,-15,-15,-15,-15,-15,-15,-15,-15,-15,-15,-15,-15,-15,-15,-15,-15,-15,-15,-15,-15,-20,-15,-15,4,2,2,1,1,2,1,4,2,2,0,1,0,1,1,0,1,0,0
Playsuit,-15,-15,-15,-15,-15,-15,-15,-15,-15,-15,-15,-15,-15,-15,-15,-15,-15,-15,-15,-15,-15,-15,-15,-15,-15,-15,-15,-15,-15,-15,-15,-15,-15,-15,-15,-15,-15,-15,-15,-15,-15,-15,-15,-15,-15,-15,-20,-15,3,1,1,0,0,1,0,3,1,1,0,0,-1,1,1,0,1,0,0
Romper,-15,-15,-15,-15,-15,-15,-15,-15,-15,-15,-15,-15,-15,-15,-15,-15,-15,-15,-15,-15,-15,-15,-15,-15,-15,-15,-15,-15,-15,-15,-15,-15,-15,-15,-15,-15,-15,-15,-15,-15,-15,-15,-15,-15,-15,-15,-15,-20,4,2,2,1,1,2,1,5,3,3,1,2,0,2,2,1,2,1,1
Summer Dress,1,1,0,1,1,3,3,5,4,2,1,1,2,1,1,1,2,2,4,-15,-15,-15,-15,-15,-15,-15,-15,-15,-15,-15,-15,-15,-15,-15,-15,-15,-15,-15,-15,-15,-15,-15,-15,-15,-15,-15,-15,-20,-20,-15,-15,-15,-15,-15,0,1,2,0,0,0,0,0,1,1,0,0,-15
Wedding Guest Dress,0,0,0,0,0,1,1,2,2,1,0,0,1,0,0,1,1,1,2,-15,-15,-15,-15,-15,-15,-15,-15,-15,-15,-15,-15,-15,-15,-15,-15,-15,-15,-15,-15,-15,-15,-15,-15,-15,-15,-15,-15,-15,-20,-20,-15,-15,-15,-15,1,1,2,1,0,0,0,0,1,1,0,0,-15
Evening Dress,-2,-1,-1,-1,-1,2,2,4,4,2,1,1,2,0,0,1,1,1,3,-15,-15,-15,-15,-15,-15,-15,-15,-15,-15,-15,-15,-15,-15,-15,-15,-15,-15,-15,-15,-15,-15,-15,-15,-15,-15,-15,-15,-15,-15,-20,-20,-15,-15,-15,0,1,2,0,0,0,0,0,0,1,0,0,-15
Cocktail Dress,-2,-1,-1,-1,-1,1,1,3,3,1,1,1,1,-1,0,1,0,0,2,-15,-15,-15,-15,-15,-15,-15,-15,-15,-15,-15,-15,-15,-15,-15,-15,-15,-15,-15,-15,-15,-15,-15,-15,-15,-15,-15,-15,-15,-15,-15,-20,-20,-15,-15,-1,0,1,0,-1,0,0,0,0,0,0,0,-15
Winter Dress,0,0,0,0,0,2,1,0,1,2,1,1,1,0,0,1,0,0,1,-15,-15,-15,-15,-15,-15,-15,-15,-15,-15,-15,-15,-15,-15,-15,-15,-15,-15,-15,-15,-15,-15,-15,-15,-15,-15,-15,-15,-15,-15,-15,-15,-20,-20,-15,0,1,2,1,1,1,0,0,1,1,1,0,-15
Casual Dress,1,1,0,1,1,3,3,5,4,2,1,1,2,1,1,1,2,2,4,-15,-15,-15,-15,-15,-15,-15,-15,-15,-15,-15,-15,-15,-15,-15,-15,-15,-15,-15,-15,-15,-15,-15,-15,-15,-15,-15,-15,-15,-15,-15,-15,-15,-20,-20,0,1,2,0,0,0,0,0,1,1,0,1,-15
Work Dress,-1,0,0,0,0,3,2,1,2,3,1,1,2,0,1,1,1,0,2,-15,-15,-15,-15,-15,-15,-15,-15,-15,-15,-15,-15,-15,-15,-15,-15,-15,-15,-15,-15,-15,-15,-15,-15,-15,-15,-15,-15,-15,-15,-15,-15,-15,-15,-20,-20,2,3,2,1,0,1,0,1,2,1,0,7
Blazer,-2,6,7,6,7,14,10,8,13,14,9,10,8,2,3,11,0,2,7,-15,-15,-15,-15,-15,-15,-15,-15,-15,-15,-15,-15,-15,-15,-15,-15,-15,-15,-15,-15,-15,-15,-15,-15,-15,-15,-15,-15,-15,-15,-15,-15,-15,-15,-15,-20,-20,5,9,10,9,10,8,7,1,2,0,1
Poncho,0,2,2,2,2,5,3,2,5,6,3,3,3,1,2,4,1,0,2,-15,-15,-15,-15,-15,-15,-15,-15,-15,-15,-15,-15,-15,-15,-15,-15,-15,-15,-15,-15,-15,-15,-15,-15,-15,-15,-15,-15,-15,-15,-15,-15,-15,-15,-15,-20,2,-20,3,3,2,4,3,3,1,2,0,1
Duffle Coat,3,3,3,3,3,5,4,2,5,5,3,4,3,1,2,4,2,1,2,-15,-15,-15,-15,-15,-15,-15,-15,-15,-15,-15,-15,-15,-15,-15,-15,-15,-15,-15,-15,-15,-15,-15,-15,-15,-15,-15,-15,-15,-15,-15,-15,-15,-15,-15,6,-20,1,-20,1,1,0,1,1,1,2,1,2
Rain Coat,2,2,2,2,2,4,3,2,4,4,2,3,2,0,1,3,1,0,2,-15,-15,-15,-15,-15,-15,-15,-15,-15,-15,-15,-15,-15,-15,-15,-15,-15,-15,-15,-15,-15,-15,-15,-15,-15,-15,-15,-15,-15,-15,-15,-15,-15,-15,-15,5,1,-20,1,-20,0,0,1,1,1,0,0,0
Trench Coat,1,2,2,2,2,5,4,2,4,4,2,3,1,0,1,3,1,0,2,-15,-15,-15,-15,-15,-15,-15,-15,-15,-15,-15,-15,-15,-15,-15,-15,-15,-15,-15,-15,-15,-15,-15,-15,-15,-15,-15,-15,-15,-15,-15,-15,-15,-15,-15,9,2,1,-20,2,-20,1,0,2,1,1,0,1
Fur Coat,-2,-1,-1,-1,-1,2,1,1,2,2,0,1,-1,-1,-1,1,-2,-2,1,-15,-15,-15,-15,-15,-15,-15,-15,-15,-15,-15,-15,-15,-15,-15,-15,-15,-15,-15,-15,-15,-15,-15,-15,-15,-15,-15,-15,-15,-15,-15,-15,-15,-15,-15,10,1,0,2,-20,0,-20,0,1,1,1,1,1
Puffer Coat,2,3,3,3,3,4,3,2,3,4,3,4,3,1,2,3,2,1,2,-15,-15,-15,-15,-15,-15,-15,-15,-15,-15,-15,-15,-15,-15,-15,-15,-15,-15,-15,-15,-15,-15,-15,-15,-15,-15,-15,-15,-15,-15,-15,-15,-15,-15,-15,9,0,0,1,0,-20,0,-20,1,-20,3,2,1
Winter Coat,3,3,3,3,3,5,4,2,4,4,3,4,3,1,2,4,2,1,2,-15,-15,-15,-15,-15,-15,-15,-15,-15,-15,-15,-15,-15,-15,-15,-15,-15,-15,-15,-15,-15,-15,-15,-15,-15,-15,-15,-15,-15,-15,-15,-15,-15,-15,-15,10,2,2,3,1,1,-20,1,-20,3,-20,4,3
Jacket,1,2,2,2,2,3,2,1,3,3,2,2,2,0,1,2,1,0,1,-15,-15,-15,-15,-15,-15,-15,-15,-15,-15,-15,-15,-15,-15,-15,-15,-15,-15,-15,-15,-15,-15,-15,-15,-15,-15,-15,-15,-15,-15,-15,-15,-15,-15,-15,8,1,1,2,1,1,1,-20,3,-20,1,-20,1
Denim Jacket,3,2,2,2,2,3,2,0,2,2,1,2,2,3,3,1,4,3,1,-15,-15,-15,-15,-15,-15,-15,-15,-15,-15,-15,-15,-15,-15,-15,-15,-15,-15,-15,-15,-15,-15,-15,-15,-15,-15,-15,-15,-15,-15,-15,-15,-15,-15,-15,7,2,2,2,0,1,1,3,-20,4,-20,1,-20
Fleece,2,2,2,2,2,3,1,1,2,2,1,2,2,2,2,1,3,2,1,-15,-15,-15,-15,-15,-15,-15,-15,-15,-15,-15,-15,-15,-15,-15,-15,-15,-15,-15,-15,-15,-15,-15,-15,-15,-15,-15,-15,-15,-15,-15,-15,-15,-15,-15,7,0,0,1,0,0,1,2,4,-20,1,-20,0
Leather Jacket,1,1,1,1,1,2,1,0,1,1,1,1,1,2,2,1,3,2,0,-15,-15,-15,-15,-15,-15,-15,-15,-15,-15,-15,-15,-15,-15,-15,-15,-15,-15,-15,-15,-15,-15,-15,-15,-15,-15,-15,-15,-15,-15,-15,-15,-15,-15,-15,7,1,1,2,0,1,1,1,3,1,-20,0,-20
